cluster,latitude,longitude,violations,junction_name,hour,count,peak_time,dominant_violation,assigned_station
0,12.925318048438717,77.61887844725997,675,BTP137 - Madiwala Traffic PS Junction,1,123,01:00 - 02:00,NO PARKING,Madiwala
1,12.957291725525652,77.51881231746427,531,No Junction,12,158,12:00 - 13:00,NO PARKING,Byatarayanapura
2,12.975481295689763,77.57723425182625,76208,BTP082 - KR Market Junction,9,8972,09:00 - 10:00,WRONG PARKING,Upparpet
3,12.98219893605486,77.60698183672102,28795,BTP051 - Safina Plaza Junction,10,5086,10:00 - 11:00,WRONG PARKING,Shivajinagar
4,12.996487830705394,77.61239579958507,3133,No Junction,3,633,03:00 - 04:00,NO PARKING,Pulikeshinagar(F.Town)
5,12.990285501036679,77.55005145861509,44309,No Junction,10,5656,10:00 - 11:00,WRONG PARKING,Vijayanagara
6,13.00851129421078,77.6953949303563,4250,No Junction,0,977,00:00 - 01:00,WRONG PARKING,K.R. Pura
7,12.912442003390856,77.63616449342352,2101,No Junction,12,339,12:00 - 13:00,NO PARKING,HSR Layout
8,12.879540342628435,77.54543726032023,64,No Junction,10,16,10:00 - 11:00,WRONG PARKING,Thalagattapura
9,12.899901019747869,77.67548903732207,633,No Junction,11,90,11:00 - 12:00,NO PARKING,Bellandur
10,12.93458836824653,77.69020565378148,17773,No Junction,4,2491,04:00 - 05:00,WRONG PARKING,HAL Old Airport
11,12.989906237709972,77.59307236779284,409,No Junction,8,64,08:00 - 09:00,NO PARKING,High ground
12,12.917043934759358,77.65172278930481,187,No Junction,11,38,11:00 - 12:00,WRONG PARKING,HSR Layout
13,13.045429899245283,77.50701488226416,265,No Junction,6,39,06:00 - 07:00,WRONG PARKING,Peenya
14,12.96912030290069,77.64348205493846,2592,No Junction,7,389,07:00 - 08:00,NO PARKING,Jeevanbheemanagar
15,13.00573302040418,77.68586650563174,1337,No Junction,10,200,10:00 - 11:00,WRONG PARKING,K.R. Pura
16,12.841836615146343,77.64605224601297,2117,No Junction,12,656,12:00 - 13:00,WRONG PARKING,Electronic City
17,12.992612777298415,77.58895961425299,3024,BTP032 - Windsor Circle,3,634,03:00 - 04:00,WRONG PARKING,High ground
18,12.934975759016393,77.53651790614755,244,No Junction,2,102,02:00 - 03:00,NO PARKING,Banashankari
19,12.995626022140973,77.6956586673406,1498,No Junction,11,322,11:00 - 12:00,NO PARKING,Mahadevapura
20,12.889489991200303,77.6394573952482,1881,No Junction,2,682,02:00 - 03:00,WRONG PARKING,Hulimavu
21,13.000331170286374,77.67689130001138,2112,No Junction,1,526,01:00 - 02:00,NO PARKING,Mahadevapura
22,13.185364174775293,77.68048212314987,5051,No Junction,4,696,04:00 - 05:00,NO PARKING,Chikkajala
23,12.989558662186326,77.50314918537295,482,No Junction,10,99,10:00 - 11:00,NO PARKING,Kamakshipalya
24,12.875619752112675,77.67084454788731,71,No Junction,11,16,11:00 - 12:00,WRONG PARKING,Electronic City
25,13.010664224242424,77.50637488484848,66,No Junction,2,10,02:00 - 03:00,WRONG PARKING,Peenya
26,12.957800104649335,77.70155466929764,1855,No Junction,11,236,11:00 - 12:00,NO PARKING,HAL Old Airport
27,12.97348225675668,77.61561300496498,5278,No Junction,4,992,04:00 - 05:00,NO PARKING,Halasur
28,12.920155733333333,77.6450519040404,99,No Junction,10,23,10:00 - 11:00,NO PARKING,HSR Layout
29,12.92824366828937,77.5833665309743,2662,"BTP189 - New Diagonal Road, Jayanagar",8,446,08:00 - 09:00,NO PARKING,Jayanagara
30,12.978981757843238,77.64001017977944,663,No Junction,9,142,09:00 - 10:00,NO PARKING,Jeevanbheemanagar
31,12.906802309045204,77.6966929269552,212,No Junction,7,62,07:00 - 08:00,WRONG PARKING,Bellandur
32,13.056739540315853,77.5926054478032,540,No Junction,11,118,11:00 - 12:00,WRONG PARKING,Kodigehalli
33,12.945078661486459,77.5954594814144,403,"BTP123 - 10th Cross, Wilson Garden",4,60,04:00 - 05:00,NO PARKING,Wilson Garden
34,12.926700667062313,77.55075739643917,337,BTP155 - Katriguppe Junction,11,62,11:00 - 12:00,NO PARKING,Banashankari
35,13.03557090978777,77.58906459071945,3488,No Junction,4,472,04:00 - 05:00,NO PARKING,Hebbala
36,12.95977365179053,77.64679005185585,1537,No Junction,5,237,05:00 - 06:00,NO PARKING,Jeevanbheemanagar
37,13.018552990407674,77.53169937961631,834,No Junction,11,143,11:00 - 12:00,WRONG PARKING,Rajajinagar
38,12.912088244025494,77.62589210618049,443,No Junction,11,76,11:00 - 12:00,WRONG PARKING,HSR Layout
39,13.02184193872,77.59258276912,625,No Junction,4,81,04:00 - 05:00,WRONG PARKING,R.T. Nagar
40,12.936812727570093,77.6017393724299,214,BTP126 - Dairy Circle,6,53,06:00 - 07:00,WRONG PARKING,Mico Layout
41,12.903771777790668,77.70394104671384,162,No Junction,11,34,11:00 - 12:00,WRONG PARKING,Bellandur
42,12.99725664710478,77.58340572600129,578,BTP032 - Windsor Circle,10,150,10:00 - 11:00,NO PARKING,Sheshadripuram
43,12.993562041626909,77.66251078221386,906,No Junction,14,192,14:00 - 15:00,NO PARKING,Banaswadi
44,12.888557522523804,77.56267762233622,364,No Junction,11,125,11:00 - 12:00,NO PARKING,Thalagattapura
45,13.04751816980787,77.57564339496797,1093,No Junction,3,166,03:00 - 04:00,WRONG PARKING,Kodigehalli
46,12.938495126527442,77.58450772693226,936,"BTP186 - 9th Cross, 4th Main, Jayanagar",11,112,11:00 - 12:00,WRONG PARKING,Wilson Garden
47,13.070994267548858,77.58845268552888,6202,No Junction,11,1521,11:00 - 12:00,WRONG PARKING,Kodigehalli
48,12.985460432432431,77.59411936486487,111,BTP166 - Coffee Board Junction,7,31,07:00 - 08:00,NO PARKING,Cubbon Park
49,13.024945239077981,77.58527784689974,686,No Junction,10,121,10:00 - 11:00,WRONG PARKING,R.T. Nagar
50,12.917050117647058,77.50018557647059,51,No Junction,11,26,11:00 - 12:00,NO PARKING,Kengeri
51,12.929610274082568,77.60816175596331,872,No Junction,2,213,02:00 - 03:00,WRONG PARKING,Mico Layout
52,12.987432831185945,77.73454871273792,683,No Junction,4,164,04:00 - 05:00,PARKING ON FOOTPATH,Whitefield
53,12.972531598941798,77.50815731957671,189,No Junction,10,26,10:00 - 11:00,NO PARKING,Jnanabharathi
54,13.06282259934498,77.58919322467248,916,No Junction,13,300,13:00 - 14:00,WRONG PARKING,Kodigehalli
55,12.953824938219896,77.59158532958115,382,"BTP102 - BMTC Junction, KH Road",9,70,09:00 - 10:00,NO PARKING,Wilson Garden
56,12.988745358536073,77.53773404729156,1020,BTP208 - Havanur Circle,10,244,10:00 - 11:00,WRONG PARKING,Vijayanagara
57,12.911925649295776,77.65160710704225,71,No Junction,6,18,06:00 - 07:00,NO PARKING,HSR Layout
58,12.90653419765865,77.54468173052254,202,No Junction,12,82,12:00 - 13:00,WRONG PARKING,K.S. Layout
59,12.906507593337297,77.63009128199084,1264,No Junction,13,295,13:00 - 14:00,WRONG PARKING,HSR Layout
60,13.045957640799843,77.52229060707303,59,No Junction,0,12,00:00 - 01:00,NO PARKING,Jalahalli
61,12.996304432144587,77.66862202620518,2024,No Junction,10,343,10:00 - 11:00,WRONG PARKING,Mahadevapura
62,12.953309940937629,77.54248368981538,1837,BTP096 - Gali Anjaneya Temple,1,291,01:00 - 02:00,WRONG PARKING,Byatarayanapura
63,12.964381124431137,77.55400840359282,835,No Junction,2,146,02:00 - 03:00,NO PARKING,Magadi Road
64,13.191236302187171,77.64621581004205,951,No Junction,1,140,01:00 - 02:00,NO PARKING,Chikkajala
65,12.917395986551805,77.67225939949999,300,No Junction,10,56,10:00 - 11:00,WRONG PARKING,Bellandur
66,13.027847079608954,77.57477041835706,1249,No Junction,11,252,11:00 - 12:00,WRONG PARKING,Sadashivanagar
67,12.916895470725853,77.57355791423714,585,"BTP115 - Sahasra Hospital, Jayanagar",3,116,03:00 - 04:00,NO PARKING,Banashankari
68,13.045866370982143,77.75031419151786,224,No Junction,12,38,12:00 - 13:00,NO PARKING,K.R. Pura
69,12.906131635616438,77.63806460821918,73,No Junction,5,23,05:00 - 06:00,WRONG PARKING,HSR Layout
70,13.035475915686273,77.73539253823529,102,No Junction,2,31,02:00 - 03:00,NO PARKING,K.R. Pura
71,13.0293013544248,77.5390539460933,1298,No Junction,10,165,10:00 - 11:00,WRONG PARKING,Yeshwanthpura
72,12.935431780325732,77.61521012716612,1535,BTP135 - UCO Bank Junction,11,179,11:00 - 12:00,NO PARKING,Adugodi
73,12.983777100516717,77.52911820273816,78,No Junction,12,21,12:00 - 13:00,NO PARKING,Kamakshipalya
74,12.90650944666958,77.57331784068656,68,"BTP159 - JP Nagar Metro, ORR",4,9,04:00 - 05:00,NO PARKING,J.P. Nagar
75,13.007689585267856,77.52683720625,448,No Junction,11,113,11:00 - 12:00,NO PARKING,Rajajinagar
76,13.001390749689442,77.52558368819875,161,No Junction,11,53,11:00 - 12:00,NO PARKING,Rajajinagar
77,12.943833396862404,77.57139118063031,2480,BTP108 - Tagore Park Junction,10,319,10:00 - 11:00,WRONG PARKING,Basavanagudi
78,12.912940289930976,77.58590328867932,393,"BTP197 - 9th Cross, 24th Main, JP Nagar",11,62,11:00 - 12:00,WRONG PARKING,J.P. Nagar
79,12.875930184411764,77.64788880117646,340,No Junction,3,84,03:00 - 04:00,WRONG PARKING,Hulimavu
80,12.979157942090096,77.6951545118577,529,No Junction,3,92,03:00 - 04:00,NO PARKING,Mahadevapura
81,12.998886958417357,77.68822438869249,124,No Junction,3,23,03:00 - 04:00,WRONG PARKING,Mahadevapura
82,13.034990168271307,77.62436680889091,550,No Junction,3,160,03:00 - 04:00,NO PARKING,K.G. Halli
83,12.818967966942148,77.68875585537191,242,No Junction,2,46,02:00 - 03:00,WRONG PARKING,Electronic City
84,13.083547812676057,77.63763120422536,71,No Junction,13,24,13:00 - 14:00,WRONG PARKING,Hennuru
85,13.022278967681656,77.63857512544175,261,No Junction,13,49,13:00 - 14:00,WRONG PARKING,Banaswadi
86,13.097254623432208,77.59933732899819,842,No Junction,2,357,02:00 - 03:00,WRONG PARKING,Yelahanka
87,12.96289782993257,77.71721172856634,2931,No Junction,5,529,05:00 - 06:00,WRONG PARKING,HAL Old Airport
88,12.961935242023895,77.59832226430078,1423,BTP172 - Nanjappa Circle,4,510,04:00 - 05:00,NO PARKING,Ashok Nagar
89,13.049394763899082,77.49634854042814,218,No Junction,11,48,11:00 - 12:00,WRONG PARKING,Chikkabanavara
90,12.90801301197411,77.60082311488674,618,BTP130 - GD Mara Junction,11,129,11:00 - 12:00,NO PARKING,Mico Layout
91,12.93183956512553,77.51563337900009,111,No Junction,7,24,07:00 - 08:00,NO PARKING,Kengeri
92,13.047103369325152,77.50099397300613,163,No Junction,4,41,04:00 - 05:00,WRONG PARKING,Peenya
93,13.006940792,77.5795992312,250,No Junction,11,35,11:00 - 12:00,NO PARKING,Sadashivanagar
94,12.857498165937127,77.58903925870764,58,No Junction,9,12,09:00 - 10:00,NO PARKING,Hulimavu
95,12.913705493558776,77.6065812663446,621,No Junction,5,134,05:00 - 06:00,NO PARKING,Mico Layout
96,13.055022999186992,77.50757989268293,123,No Junction,11,28,11:00 - 12:00,NO PARKING,Chikkabanavara
97,12.960973476907217,77.51163070762887,485,No Junction,12,122,12:00 - 13:00,NO PARKING,Jnanabharathi
98,12.89522154125,77.67582984625,80,No Junction,4,29,04:00 - 05:00,WRONG PARKING,Bellandur
99,13.033790864985775,77.55779832994376,310,No Junction,3,49,03:00 - 04:00,NO PARKING,Yeshwanthpura
100,12.896648908045975,77.72005069310345,174,No Junction,11,28,11:00 - 12:00,WRONG PARKING,Whitefield
101,13.05868892,77.46640604999999,50,No Junction,3,9,03:00 - 04:00,WRONG PARKING,No Police Station
102,12.999466585185186,77.48873818333333,54,No Junction,11,34,11:00 - 12:00,WRONG PARKING,Kamakshipalya
103,12.949431953271027,77.5977344588785,214,"BTP123 - 10th Cross, Wilson Garden",8,44,08:00 - 09:00,WRONG PARKING,Wilson Garden
104,13.057287523502303,77.5469449046083,217,No Junction,11,49,11:00 - 12:00,NO PARKING,Jalahalli
105,12.870506149869026,77.65473526569387,544,No Junction,12,166,12:00 - 13:00,WRONG PARKING,Electronic City
106,13.008843488235295,77.54316749375,272,No Junction,3,38,03:00 - 04:00,WRONG PARKING,Rajajinagar
107,12.875977635833543,77.59582688454077,576,No Junction,6,126,06:00 - 07:00,NO PARKING,Hulimavu
108,13.004555005577945,77.75711041419368,174,No Junction,11,39,11:00 - 12:00,NO PARKING,Mahadevapura
109,12.960826194373297,77.52827443242788,988,No Junction,12,277,12:00 - 13:00,WRONG PARKING,Byatarayanapura
110,12.910807223766815,77.64463480448431,223,No Junction,10,62,10:00 - 11:00,NO PARKING,HSR Layout
111,13.026376003846154,77.72058755961538,52,No Junction,11,10,11:00 - 12:00,NO PARKING,K.R. Pura
112,12.920156915625,77.6104198484375,64,"BTP163 - 16th Main Road, BTM Layout",10,14,10:00 - 11:00,WRONG PARKING,Mico Layout
113,13.010866462068964,77.58359383275862,58,BTP030 - Mekhri Circle,11,12,11:00 - 12:00,WRONG PARKING,Sadashivanagar
114,13.093635515308641,77.59422695061728,405,No Junction,5,96,05:00 - 06:00,WRONG PARKING,Yelahanka
115,12.911077419425098,77.57495565014925,335,"BTP117 - 9th Cross, Kanakapura Road",3,110,03:00 - 04:00,WRONG PARKING,J.P. Nagar
116,12.930950900835073,77.63213500407099,958,No Junction,2,149,02:00 - 03:00,NO PARKING,Adugodi
117,12.920186070342098,77.62092555706415,121,BTP137 - Madiwala Traffic PS Junction,13,18,13:00 - 14:00,NO PARKING,Madiwala
118,12.978260805036856,77.59101978095823,814,BTP041 - Gopal Gowda Circle,2,144,02:00 - 03:00,NO PARKING,Cubbon Park
119,13.018872713389726,77.55771015856065,415,No Junction,4,84,04:00 - 05:00,NO PARKING,Yeshwanthpura
120,13.050014017768595,77.59312335475207,484,No Junction,3,89,03:00 - 04:00,NO PARKING,Kodigehalli
121,12.991370717460317,77.60501584285714,63,No Junction,11,17,11:00 - 12:00,NO PARKING,Pulikeshinagar(F.Town)
122,12.971751408802023,77.65809020342515,1235,No Junction,7,202,07:00 - 08:00,NO PARKING,Jeevanbheemanagar
123,13.071871985185185,77.63372780462963,108,No Junction,7,18,07:00 - 08:00,NO PARKING,Hennuru
124,12.875957902833179,77.54403380550062,77,No Junction,10,28,10:00 - 11:00,WRONG PARKING,Thalagattapura
125,12.987440693583867,77.61868147422568,221,No Junction,10,52,10:00 - 11:00,NO PARKING,Pulikeshinagar(F.Town)
126,12.949069787615427,77.57844464819168,395,BTP184 - Lalbagh West Gate,11,48,11:00 - 12:00,NO PARKING,V.V.Puram (C.Pet)
127,12.967964298757765,77.56912462298136,161,BTP085 - Briyand Circle,2,49,02:00 - 03:00,NO PARKING,Chamarajpet
128,12.947195884146343,77.59084023414634,82,BTP122 - Siddapura Junction,2,25,02:00 - 03:00,NO PARKING,Wilson Garden
129,12.972101899363693,77.71171445095568,854,No Junction,3,219,03:00 - 04:00,WRONG PARKING,HAL Old Airport
130,12.985452838769698,77.47982647625,56,No Junction,11,37,11:00 - 12:00,WRONG PARKING,Kamakshipalya
131,12.959352151371778,77.65581395312957,123,No Junction,4,17,04:00 - 05:00,NO PARKING,Jeevanbheemanagar
132,12.917334204060914,77.57832199695432,197,"BTP176 - Rajalakshmi Kalyana Mantapa, JP Nagar",5,51,05:00 - 06:00,NO PARKING,Jayanagara
133,12.936098038951311,77.60690947602995,267,BTP136 - Hosur-Tavarkere Road Junction,2,94,02:00 - 03:00,NO PARKING,Mico Layout
134,13.099058226470587,77.5771149372549,102,No Junction,5,29,05:00 - 06:00,NO PARKING,Yelahanka
135,13.12157406140065,77.63112961644951,307,No Junction,13,68,13:00 - 14:00,NO PARKING,Chikkajala
136,12.882317033035715,77.59596158928571,112,No Junction,7,21,07:00 - 08:00,WRONG PARKING,J.P. Nagar
137,12.914379332295104,77.48128963378247,56,No Junction,5,18,05:00 - 06:00,NO PARKING,Kengeri
138,12.922551949272538,77.6226293111187,81,BTP137 - Madiwala Traffic PS Junction,0,38,00:00 - 01:00,NO PARKING,Madiwala
139,12.941443159693879,77.62141116887756,196,No Junction,4,38,04:00 - 05:00,NO PARKING,Adugodi
140,13.003463336486487,77.72349642094595,148,No Junction,4,47,04:00 - 05:00,PARKING IN A MAIN ROAD,K.R. Pura
141,12.941640018832068,77.56704809085794,452,No Junction,3,102,03:00 - 04:00,NO PARKING,Basavanagudi
142,13.060117505212316,77.57654291042121,106,No Junction,6,16,06:00 - 07:00,WRONG PARKING,Kodigehalli
143,12.917151740000001,77.59606377958333,240,"BTP202 - East End Main Road, Jayanagar",2,72,02:00 - 03:00,NO PARKING,Jayanagara
144,12.951439568419085,77.71746167328988,399,No Junction,8,69,08:00 - 09:00,WRONG PARKING,Whitefield
145,12.987122598519731,77.5195472514099,241,No Junction,9,34,09:00 - 10:00,NO PARKING,Kamakshipalya
146,12.967163146296297,77.6085435388889,54,No Junction,9,11,09:00 - 10:00,NO PARKING,Ashok Nagar
147,12.894841708947368,77.59913146105264,190,No Junction,6,97,06:00 - 07:00,NO PARKING,J.P. Nagar
148,13.099627827322404,77.58860201639345,183,No Junction,11,46,11:00 - 12:00,NO PARKING,Yelahanka
149,12.979857275454545,77.65252345727274,110,No Junction,5,28,05:00 - 06:00,NO PARKING,Banaswadi
150,12.999247261244019,77.62471758564594,209,No Junction,3,54,03:00 - 04:00,NO PARKING,Pulikeshinagar(F.Town)
151,12.938302360680787,77.57800476565052,322,BTP216 - Yediyur Junction,6,85,06:00 - 07:00,NO PARKING,Basavanagudi
152,13.019425689645653,77.53877227109963,103,No Junction,4,21,04:00 - 05:00,WRONG PARKING,Rajajinagar
153,12.912980103240665,77.67965732086392,389,No Junction,9,86,09:00 - 10:00,NO PARKING,Bellandur
154,13.016249692207792,77.54982634415585,77,No Junction,3,35,03:00 - 04:00,WRONG PARKING,Rajajinagar
155,12.960510950980392,77.56050639117647,204,BTP091 - Sirsi Circle,3,46,03:00 - 04:00,NO PARKING,Chamarajpet
156,13.050494744400002,77.52553118239999,250,No Junction,3,87,03:00 - 04:00,NO PARKING,Jalahalli
157,13.050932163917526,77.55269694072166,194,No Junction,10,43,10:00 - 11:00,NO PARKING,Jalahalli
158,13.005478760368662,77.59370348479263,217,No Junction,10,35,10:00 - 11:00,NO PARKING,R.T. Nagar
159,12.951602436206898,77.60747275862069,116,BTP132 - Anepalya Junction,10,29,10:00 - 11:00,NO PARKING,Ashok Nagar
160,12.936016774242425,77.51793264873737,396,No Junction,11,70,11:00 - 12:00,WRONG PARKING,Byatarayanapura
161,12.91029640711377,77.5507978656224,159,No Junction,11,51,11:00 - 12:00,WRONG PARKING,K.S. Layout
162,12.942065781375357,77.52563509312321,349,No Junction,11,61,11:00 - 12:00,WRONG PARKING,Byatarayanapura
163,13.019070801470589,77.55319869264706,68,No Junction,1,26,01:00 - 02:00,WRONG PARKING,Yeshwanthpura
164,13.045509112371136,77.62711825670104,97,No Junction,14,28,14:00 - 15:00,NO PARKING,Hennuru
165,13.041919991588784,77.51447598785047,107,No Junction,11,34,11:00 - 12:00,NO PARKING,Peenya
166,12.970180287839627,77.61020594090992,94,No Junction,12,28,12:00 - 13:00,NO PARKING,Ashok Nagar
167,12.966820373863635,77.65828947727273,88,No Junction,9,28,09:00 - 10:00,WRONG PARKING,Jeevanbheemanagar
168,12.976006710227272,77.53140559431819,88,BTP214 - 5th Main Chamrajpet  Junction,12,21,12:00 - 13:00,WRONG PARKING,Vijayanagara
169,12.907692703944067,77.53291326679918,64,No Junction,5,31,05:00 - 06:00,WRONG PARKING,K.S. Layout
170,13.036599096453902,77.57478788439717,141,No Junction,9,47,09:00 - 10:00,WRONG PARKING,Kodigehalli
171,12.840458785957479,77.67688467340082,420,No Junction,9,60,09:00 - 10:00,NO PARKING,Electronic City
172,13.039915498614958,77.51855872548477,361,No Junction,11,60,11:00 - 12:00,NO PARKING,Peenya
173,12.901545489830509,77.5938670457627,59,No Junction,3,50,03:00 - 04:00,NO PARKING,J.P. Nagar
174,12.938268876415094,77.59262558584906,106,No Junction,8,37,08:00 - 09:00,NO PARKING,Wilson Garden
175,12.922107481141687,77.58061997972999,116,"BTP190 - 36th Cross, 4th Main, Jayanagar",5,43,05:00 - 06:00,NO PARKING,Jayanagara
176,13.055021709589042,77.53483411369864,73,No Junction,11,29,11:00 - 12:00,WRONG PARKING,Jalahalli
177,12.99982700135135,77.6192493581081,74,No Junction,15,15,15:00 - 16:00,WRONG PARKING,Pulikeshinagar(F.Town)
178,12.963252224439364,77.73301513744522,124,No Junction,10,51,10:00 - 11:00,NO PARKING,Whitefield
179,12.961024260391683,77.63704339011642,295,"BTP145 - Sri Hatti Maramma Circle, Domluru",4,43,04:00 - 05:00,NO PARKING,Halasur
180,12.903501152163498,77.64207605693441,58,No Junction,10,37,10:00 - 11:00,WRONG PARKING,HSR Layout
181,12.93734486834681,77.62697700677914,135,No Junction,14,20,14:00 - 15:00,WRONG PARKING,Adugodi
182,12.981057320002567,77.58816596399701,178,BTP052 - CID Carlton House Junction,7,36,07:00 - 08:00,NO PARKING,Cubbon Park
183,13.06877069390244,77.5301099,82,No Junction,12,26,12:00 - 13:00,WRONG PARKING,Jalahalli
184,12.985737600734074,77.58863057923075,65,BTP035 - Basaweshwara Circle (LH) Junction,1,16,01:00 - 02:00,WRONG PARKING,High ground
185,12.894378589795517,77.65722500390483,74,No Junction,11,16,11:00 - 12:00,NO PARKING,HSR Layout
186,12.968588742477328,77.7011435985877,148,No Junction,9,39,09:00 - 10:00,NO PARKING,HAL Old Airport
187,13.003493552777778,77.662764275,72,No Junction,4,30,04:00 - 05:00,NO PARKING,Banaswadi
188,12.900535056451613,77.58585414516129,62,No Junction,11,10,11:00 - 12:00,NO PARKING,J.P. Nagar
189,12.945799630695213,77.58744226241996,155,No Junction,2,39,02:00 - 03:00,NO PARKING,Wilson Garden
190,12.942216334234233,77.74735253873874,111,No Junction,11,15,11:00 - 12:00,WRONG PARKING,Whitefield
191,12.901296389473684,77.66032499473684,57,No Junction,11,21,11:00 - 12:00,WRONG PARKING,Bellandur
192,13.244846181707317,77.71316230487805,82,No Junction,4,23,04:00 - 05:00,NO PARKING,Devanahalli Airport
193,13.013029047500002,77.62642431125,80,No Junction,3,32,03:00 - 04:00,NO PARKING,Banaswadi
194,13.12137537317073,77.61107073333334,123,No Junction,3,41,03:00 - 04:00,WRONG PARKING,Yelahanka
195,12.99303093152174,77.71692402934782,92,No Junction,4,21,04:00 - 05:00,WRONG PARKING,Mahadevapura
196,12.906316112499999,77.59165731625,80,BTP222 - Delmia Circle,2,12,02:00 - 03:00,NO PARKING,J.P. Nagar
197,12.968906883637517,77.74983843495987,82,No Junction,8,23,08:00 - 09:00,NO PARKING,Whitefield
198,13.050225659649122,77.50774890350877,57,No Junction,13,24,13:00 - 14:00,WRONG PARKING,Chikkabanavara
199,12.98327950410959,77.75206305068494,73,No Junction,9,20,09:00 - 10:00,NO PARKING,Whitefield
200,13.081730750162443,77.54826713724637,52,No Junction,11,9,11:00 - 12:00,NO PARKING,Yelahanka
201,12.923330173466175,77.65111189900502,133,No Junction,10,49,10:00 - 11:00,NO PARKING,HSR Layout
202,12.973839813398559,77.56619814725528,76,BTP074 - Leprosy Hospital Junction,3,16,03:00 - 04:00,NO PARKING,Magadi Road
203,12.904992547826087,77.58568618152174,92,"BTP221 - 15th Cross, 24th Main, JP Nagar",9,21,09:00 - 10:00,WRONG PARKING,J.P. Nagar
204,12.967408043609023,77.59352732631578,133,BTP203 - RRMR Junction,23,27,23:00 - 00:00,NO PARKING,Halasuru Gate
205,12.938246206349206,77.53334206031747,63,No Junction,3,13,03:00 - 04:00,WRONG PARKING,Banashankari
206,12.835656334615383,77.67918780576923,52,No Junction,2,15,02:00 - 03:00,WRONG PARKING,Electronic City
207,12.985459871698112,77.74565409339623,106,No Junction,10,51,10:00 - 11:00,PARKING IN A MAIN ROAD,Whitefield
208,12.910124109302327,77.68623257093023,86,No Junction,10,20,10:00 - 11:00,NO PARKING,Bellandur
209,13.048126033707865,77.54295998426967,89,No Junction,3,42,03:00 - 04:00,NO PARKING,Jalahalli
210,13.144111353097346,77.61785536106194,113,No Junction,1,20,01:00 - 02:00,NO PARKING,Chikkajala
211,12.947948100763359,77.53436193740458,131,No Junction,1,20,01:00 - 02:00,NO PARKING,Byatarayanapura
212,12.956501883495147,77.70920797281553,103,No Junction,2,48,02:00 - 03:00,WRONG PARKING,HAL Old Airport
213,12.956373081584045,77.73176328092032,95,No Junction,9,21,09:00 - 10:00,WRONG PARKING,Whitefield
214,12.95858719737705,77.66821084754098,305,No Junction,3,92,03:00 - 04:00,WRONG PARKING,HAL Old Airport
215,13.060387791428573,77.65207824000001,70,No Junction,11,21,11:00 - 12:00,NO PARKING,Hennuru
216,12.9778900028169,77.71297909577466,71,No Junction,6,40,06:00 - 07:00,WRONG PARKING,Mahadevapura
217,13.042998768143963,77.59051222165768,61,No Junction,11,19,11:00 - 12:00,WRONG PARKING,Kodigehalli
218,12.943526976000001,77.584901212,25,No Junction,10,6,10:00 - 11:00,NO PARKING,Wilson Garden
219,13.00070070805369,77.59592600872483,149,No Junction,3,47,03:00 - 04:00,WRONG PARKING,R.T. Nagar
220,13.05009303898305,77.63023957627118,59,No Junction,13,19,13:00 - 14:00,NO PARKING,Hennuru
221,13.054349121568627,77.7629525254902,102,No Junction,10,36,10:00 - 11:00,WRONG PARKING,K.R. Pura
222,12.893938561111112,77.56792829444446,54,No Junction,11,29,11:00 - 12:00,NO PARKING,K.S. Layout
223,12.98456333253012,77.7083400566265,83,No Junction,11,22,11:00 - 12:00,WRONG PARKING,Mahadevapura
224,12.98912182,77.60910146235294,85,No Junction,12,35,12:00 - 13:00,NO PARKING,Pulikeshinagar(F.Town)
225,12.938127632758622,77.74678497413792,58,No Junction,3,8,03:00 - 04:00,WRONG PARKING,Whitefield
226,12.876032043859649,77.61658741929826,57,No Junction,12,16,12:00 - 13:00,NO PARKING,Hulimavu
227,12.855401208402709,77.66453002912671,90,No Junction,2,17,02:00 - 03:00,WRONG PARKING,Electronic City
228,12.949987767027027,77.52241083513513,185,No Junction,0,38,00:00 - 01:00,NO PARKING,Byatarayanapura
229,12.933256409574469,77.62309320531915,94,No Junction,8,21,08:00 - 09:00,NO PARKING,Adugodi
230,12.883556637275948,77.75235374470373,52,No Junction,4,12,04:00 - 05:00,WRONG PARKING,No Police Station
231,13.006752388785047,77.6212730457944,107,No Junction,4,28,04:00 - 05:00,NO PARKING,Pulikeshinagar(F.Town)
232,12.958181686734694,77.55414244591837,98,"BTP093 - Toll Gate, Mysore Road",0,18,00:00 - 01:00,NO PARKING,Chamarajpet
233,12.927338608196722,77.59710771639344,61,"BTP127 - Sagar Hospital, Jayanagar",3,19,03:00 - 04:00,NO PARKING,Jayanagara
234,12.884212712600426,77.5978920506281,53,No Junction,8,21,08:00 - 09:00,WRONG PARKING,Hulimavu
235,12.939870362857143,77.62540579428571,35,No Junction,13,10,13:00 - 14:00,NO PARKING,Adugodi
236,12.954236334545456,77.57301299090909,55,BTP106 - VV Puram College,2,19,02:00 - 03:00,NO PARKING,V.V.Puram (C.Pet)
237,12.991840812195123,77.65227046829268,164,No Junction,7,106,07:00 - 08:00,PARKING IN A MAIN ROAD,Banaswadi
238,12.971425591304348,77.63050285942029,69,No Junction,12,38,12:00 - 13:00,NO PARKING,Halasur
239,12.861967502739725,77.53001930958904,73,No Junction,11,24,11:00 - 12:00,WRONG PARKING,Thalagattapura
240,13.014134122033898,77.49207999322033,59,No Junction,11,20,11:00 - 12:00,WRONG PARKING,Kamakshipalya
241,12.85093054137931,77.65745046896551,116,No Junction,12,63,12:00 - 13:00,WRONG PARKING,Electronic City
